Closest, type
55.7538107,12.5725839
55.7484899,12.5576721
